Workbook
Name X: Данные!$A$13:$A$123

Sheet Данные
A1: первичная обработка данных
A3: Параметры:
A4: n | B4: =COUNT(X) -> 111
A5: x_min | B5: =MIN(X) -> 16.97
A6: x_max | B6: =MAX(X) -> 53.22
A7: R = x_max - x_min | B7: =B6-B5 -> 36.25
A8: l | B8: =INT(1+3.32*LOG10(B4)) -> 7
A9: h = R / l | B9: =B7/B8 -> 5.1785714
A11: Исходная выборка X:
A12: x_i
A13: 38.44
A14: 36.55
A15: 52.21
A16: 35.74
A17: 37.62
A18: 33.87
A19: 42.07
A20: 39.54
A21: 30.24
A22: 30.16
A23: 33.68
A24: 30.51
... A123: 23.46

Sheet Вариационный ряд
A1: Вариационный ряд и медиана
A3: SORT(X) | C3: μ* = Медиана(X)
A4: {=_xlfn._xlws.SORT(X)} -> 16.97 | C4: =MEDIAN(X) -> 33.53
A5: 17.5
A6: 18.82
A7: 21.18
A8: 23.33
A9: 23.46
A10: 24.51
A11: 24.67
A12: 24.97
A13: 25.19
A14: 25.33
A15: 25.5
A16: 25.73
... A114: 53.22

Sheet Интервальный ряд
A1: Интервальный статистический ряд
K3: x_min | L3: x_max | M3: n | N3: l | O3: h
K4: =Данные!B5 -> 16.97 | L4: =Данные!B6 -> 53.22 | M4: =Данные!B4 -> 111 | N4: =Данные!B8 -> 7 | O4: =Данные!B9 -> 5.1785714
A6: i | B6: a_{i-1} | C6: a_i | D6: Интервал | E6: x~_i | F6: n_i | G6: p_i* | H6: f_i*
A7: 1 | B7: =Данные!B5 -> 16.97 | C7: =Данные!B5+1*Данные!B9 -> 22.148571 | D7: ="(" & TEXT(B7,"0,000") & "; " & TEXT(C7,"0,000") & ")" -> (16,970; 22,149) | E7: =(B7+C7)/2 -> 19.559286 | F7: =COUNTIFS(X,">="&B7,X,"<"&C7) -> 4 | G7: =F7/Данные!B4 -> 0.036036036 | H7: =G7/Данные!B9 -> 0.0069586828
A8: 2 | B8: =C7 -> 22.148571 | C8: =Данные!B5+2*Данные!B9 -> 27.327143 | D8: ="(" & TEXT(B8,"0,000") & "; " & TEXT(C8,"0,000") & ")" -> (22,149; 27,327) | E8: =(B8+C8)/2 -> 24.737857 | F8: =COUNTIFS(X,">="&B8,X,"<"&C8) -> 16 | G8: =F8/Данные!B4 -> 0.14414414 | H8: =G8/Данные!B9 -> 0.027834731
A9: 3 | B9: =C8 -> 27.327143 | C9: =Данные!B5+3*Данные!B9 -> 32.505714 | D9: ="(" & TEXT(B9,"0,000") & "; " & TEXT(C9,"0,000") & ")" -> (27,327; 32,506) | E9: =(B9+C9)/2 -> 29.916429 | F9: =COUNTIFS(X,">="&B9,X,"<"&C9) -> 29 | G9: =F9/Данные!B4 -> 0.26126126 | H9: =G9/Данные!B9 -> 0.05045045
A10: 4 | B10: =C9 -> 32.505714 | C10: =Данные!B5+4*Данные!B9 -> 37.684286 | D10: ="(" & TEXT(B10,"0,000") & "; " & TEXT(C10,"0,000") & ")" -> (32,506; 37,684) | E10: =(B10+C10)/2 -> 35.095 | F10: =COUNTIFS(X,">="&B10,X,"<"&C10) -> 34 | G10: =F10/Данные!B4 -> 0.30630631 | H10: =G10/Данные!B9 -> 0.059148804
A11: 5 | B11: =C10 -> 37.684286 | C11: =Данные!B5+5*Данные!B9 -> 42.862857 | D11: ="(" & TEXT(B11,"0,000") & "; " & TEXT(C11,"0,000") & ")" -> (37,684; 42,863) | E11: =(B11+C11)/2 -> 40.273571 | F11: =COUNTIFS(X,">="&B11,X,"<"&C11) -> 16 | G11: =F11/Данные!B4 -> 0.14414414 | H11: =G11/Данные!B9 -> 0.027834731
A12: 6 | B12: =C11 -> 42.862857 | C12: =Данные!B5+6*Данные!B9 -> 48.041429 | D12: ="(" & TEXT(B12,"0,000") & "; " & TEXT(C12,"0,000") & ")" -> (42,863; 48,041) | E12: =(B12+C12)/2 -> 45.452143 | F12: =COUNTIFS(X,">="&B12,X,"<="&C12) -> 7 | G12: =F12/Данные!B4 -> 0.063063063 | H12: =G12/Данные!B9 -> 0.012177695
A13: 7 | B13: =C12 -> 48.041429 | C13: =Данные!B6 -> 53.22 | D13: ="(" & TEXT(B13,"0,000") & "; " & TEXT(C13,"0,000") & ")" -> (48,041; 53,220) | E13: =(B13+C13)/2 -> 50.630714 | F13: =COUNTIFS(X,">="&B13,X,"<="&C13) -> 5 | G13: =F13/Данные!B4 -> 0.045045045 | H13: =G13/Данные!B9 -> 0.0086983535
E14: Σ | F14: =SUM(F7:F13) -> 111 | G14: =SUM(G7:G13) -> 1
A16: =A6 -> i | B16: =B6 -> a_{i-1} | C16: =C6 -> a_i | D16: =D6 -> Интервал | E16: =E6 -> x~_i | F16: =F6 -> n_i | G16: =G6 -> p_i* | H16: =H6 -> f_i*
A17: =A7 -> 1 | B17: =B7 -> 16.97 | C17: =C8 -> 27.327143 | D17: ="(" & TEXT(B17,"0,000") & "; " & TEXT(C17,"0,000") & ")" -> (16,970; 27,327) | E17: =(B17+C17)/2 -> 22.148571 | F17: =COUNTIFS(X,">="&B17,X,"<"&C17) -> 20 | G17: =F17/Данные!B4 -> 0.18018018 | H17: =G17/Данные!B9 -> 0.034793414
A18: =A8 -> 2 | B18: =B9 -> 27.327143 | C18: =C9 -> 32.505714 | D18: =D9 -> (27,327; 32,506) | E18: =E9 -> 29.916429 | F18: =F9 -> 29 | G18: =G9 -> 0.26126126 | H18: =H9 -> 0.05045045
A19: =A9 -> 3 | B19: =B10 -> 32.505714 | C19: =C10 -> 37.684286 | D19: =D10 -> (32,506; 37,684) | E19: =E10 -> 35.095 | F19: =F10 -> 34 | G19: =G10 -> 0.30630631 | H19: =H10 -> 0.059148804
A20: =A10 -> 4 | B20: =B11 -> 37.684286 | C20: =C11 -> 42.862857 | D20: =D11 -> (37,684; 42,863) | E20: =E11 -> 40.273571 | F20: =F11 -> 16 | G20: =G11 -> 0.14414414 | H20: =H11 -> 0.027834731
A21: =A11 -> 5 | B21: =B12 -> 42.862857 | C21: =C12 -> 48.041429 | D21: =D12 -> (42,863; 48,041) | E21: =E12 -> 45.452143 | F21: =F12 -> 7 | G21: =G12 -> 0.063063063 | H21: =H12 -> 0.012177695
A22: =A12 -> 6 | B22: =B13 -> 48.041429 | C22: =C13 -> 53.22 | D22: =D13 -> (48,041; 53,220) | E22: =E13 -> 50.630714 | F22: =F13 -> 5 | G22: =G13 -> 0.045045045 | H22: =H13 -> 0.0086983535

Sheet ЭФР и кумулята
A1: Эмпирическая функция распределения и кумулята
A3: i | B3: x~_i | C3: p_i* | D3: z_i | E3: a_i
A4: 1 | B4: ='Интервальный ряд'!E7 -> 19.559286 | C4: ='Интервальный ряд'!G7 -> 0.036036036 | D4: =C4 -> 0.036036036 | E4: ='Интервальный ряд'!C7 -> 22.148571
A5: 2 | B5: ='Интервальный ряд'!E8 -> 24.737857 | C5: ='Интервальный ряд'!G8 -> 0.14414414 | D5: =D4+C5 -> 0.18018018 | E5: ='Интервальный ряд'!C8 -> 27.327143
A6: 3 | B6: ='Интервальный ряд'!E9 -> 29.916429 | C6: ='Интервальный ряд'!G9 -> 0.26126126 | D6: =D5+C6 -> 0.44144144 | E6: ='Интервальный ряд'!C9 -> 32.505714
A7: 4 | B7: ='Интервальный ряд'!E10 -> 35.095 | C7: ='Интервальный ряд'!G10 -> 0.30630631 | D7: =D6+C7 -> 0.74774775 | E7: ='Интервальный ряд'!C10 -> 37.684286
A8: 5 | B8: ='Интервальный ряд'!E11 -> 40.273571 | C8: ='Интервальный ряд'!G11 -> 0.14414414 | D8: =D7+C8 -> 0.89189189 | E8: ='Интервальный ряд'!C11 -> 42.862857
A9: 6 | B9: ='Интервальный ряд'!E12 -> 45.452143 | C9: ='Интервальный ряд'!G12 -> 0.063063063 | D9: =D8+C9 -> 0.95495495 | E9: ='Интервальный ряд'!C12 -> 48.041429
A10: 7 | B10: ='Интервальный ряд'!E13 -> 50.630714 | C10: ='Интервальный ряд'!G13 -> 0.045045045 | D10: =D9+C10 -> 1 | E10: ='Интервальный ряд'!C13 -> 53.22
A14: Кумулята: точки (a_i, F_n*(a_i))
A15: a_i | B15: F_n*(a_i)
A16: ='Интервальный ряд'!B7 -> 16.97 | B16: 0
A17: ='Интервальный ряд'!C7 -> 22.148571 | B17: =D4 -> 0.036036036
A18: ='Интервальный ряд'!C8 -> 27.327143 | B18: =D5 -> 0.18018018
A19: ='Интервальный ряд'!C9 -> 32.505714 | B19: =D6 -> 0.44144144
A20: ='Интервальный ряд'!C10 -> 37.684286 | B20: =D7 -> 0.74774775
A21: ='Интервальный ряд'!C11 -> 42.862857 | B21: =D8 -> 0.89189189
A22: ='Интервальный ряд'!C12 -> 48.041429 | B22: =D9 -> 0.95495495
A23: ='Интервальный ряд'!C13 -> 53.22 | B23: =D10 -> 1
A25: Эмпирическая F_n*(x): точки для ступенчатого графика
A26: x | B26: F
A27: ='Интервальный ряд'!B7 -> 16.97 | B27: 0
A28: ='Интервальный ряд'!C7 -> 22.148571 | B28: 0
A29: ='Интервальный ряд'!C7 -> 22.148571 | B29: =D4 -> 0.036036036
A30: ='Интервальный ряд'!C8 -> 27.327143 | B30: =D4 -> 0.036036036
A31: ='Интервальный ряд'!C8 -> 27.327143 | B31: =D5 -> 0.18018018
A32: ='Интервальный ряд'!C9 -> 32.505714 | B32: =D5 -> 0.18018018
A33: ='Интервальный ряд'!C9 -> 32.505714 | B33: =D6 -> 0.44144144
A34: ='Интервальный ряд'!C10 -> 37.684286 | B34: =D6 -> 0.44144144
A35: ='Интервальный ряд'!C10 -> 37.684286 | B35: =D7 -> 0.74774775
A36: ='Интервальный ряд'!C11 -> 42.862857 | B36: =D7 -> 0.74774775
A37: ='Интервальный ряд'!C11 -> 42.862857 | B37: =D8 -> 0.89189189
A38: ='Интервальный ряд'!C12 -> 48.041429 | B38: =D8 -> 0.89189189
A39: ='Интервальный ряд'!C12 -> 48.041429 | B39: =D9 -> 0.95495495
A40: ='Интервальный ряд'!C13 -> 53.22 | B40: =D9 -> 0.95495495
A41: ='Интервальный ряд'!C13 -> 53.22 | B41: =D10 -> 1
A42: ='Интервальный ряд'!C13 -> 53.22 | B42: =D10 -> 1

Sheet Оценки
A1: Точечные статистические оценки
A3: Показатель | B3: Значение | C3: Описание
A4: n | B4: =Данные!B4 -> 111 | C4: объем выборки
A5: x̄ | B5: =SUMPRODUCT('Интервальный ряд'!E7:E13,'Интервальный ряд'!G7:G13) -> 33.788694 | C5: Выборочное среднее
A6: s^2 | B6: {=SUMPRODUCT(('Интервальный ряд'!E7:E13)^2,'Интервальный ряд'!G7:G13)-B5^2} -> 50.962368 | C6: выборочная дисперсия
A7: s̄^2 | B7: =B6*B4/(B4-1) -> 51.425662 | C7: исправленная выборочная дисперсия
A8: s̄ | B8: =SQRT(B7) -> 7.1711688 | C8: СКВО
A9: μ* | B9: =MEDIAN(X) -> 33.53 | C9: медиана
A10: A* | B10: {=SUMPRODUCT(('Интервальный ряд'!E7:E13-B5)^3,'Интервальный ряд'!G7:G13)/(B8^3)} -> 0.35083108 | C10: выборочная асимметрия
A11: E* | B11: {=SUMPRODUCT(('Интервальный ряд'!E7:E13-B5)^4,'Интервальный ряд'!G7:G13)/(B8^4)-3} -> -0.14492989 | C11: выборочный эксцесс
A12: σ_A | B12: =SQRT(6*(B4-1)/((B4+1)*(B4+3))) -> 0.22735815 | C12: стандартное отклонение асимметрии
A13: интервал A* | B13: =IF(B12<>"", "(" & TEXT(-2*B12, "0,000") & "; " & TEXT(2*B12, "0,000") & ")", "") -> (-0,455; 0,455) | C13: (-2σ_A;2σ_A)
A14: σ_E | B14: =SQRT(24*B4*(B4-2)*(B4-3)/((B4-1)^2*(B4+3)*(B4+5))) -> 0.44270878 | C14: стандартное отклонение эксцесса
A15: интервал E* | B15: =IF(B14<>"", "(" & TEXT(-2*B14, "0,000") & "; " & TEXT(2*B14, "0,000") & ")", "") -> (-0,885; 0,885) | C15: (-2σ_E;2σ_E)
A18: |A*| ≤ 2σ_A и |E*| ≤ 2σ_E сл. можно предполагать нормальность.

Sheet Гистограмма
A1: Гистограмма, полигон и теоретическая кривая
A3: x~_i | B3: f_i* | C3: f_norm(x~_i)
A4: ='Интервальный ряд'!E7 -> 19.559286 | B4: ='Интервальный ряд'!H7 -> 0.0069586828 | C4: =_xlfn.NORM.DIST(A4,Оценки!$B$5,Оценки!$B$8,FALSE) -> 0.0077688299
A5: ='Интервальный ряд'!E8 -> 24.737857 | B5: ='Интервальный ряд'!H8 -> 0.027834731 | C5: =_xlfn.NORM.DIST(A5,Оценки!$B$5,Оценки!$B$8,FALSE) -> 0.025085287
A6: ='Интервальный ряд'!E9 -> 29.916429 | B6: ='Интервальный ряд'!H9 -> 0.05045045 | C6: =_xlfn.NORM.DIST(A6,Оценки!$B$5,Оценки!$B$8,FALSE) -> 0.048084534
A7: ='Интервальный ряд'!E10 -> 35.095 | B7: ='Интервальный ряд'!H10 -> 0.059148804 | C7: =_xlfn.NORM.DIST(A7,Оценки!$B$5,Оценки!$B$8,FALSE) -> 0.054716034
A8: ='Интервальный ряд'!E11 -> 40.273571 | B8: ='Интервальный ряд'!H11 -> 0.027834731 | C8: =_xlfn.NORM.DIST(A8,Оценки!$B$5,Оценки!$B$8,FALSE) -> 0.036961253
A9: ='Интервальный ряд'!E12 -> 45.452143 | B9: ='Интервальный ряд'!H12 -> 0.012177695 | C9: =_xlfn.NORM.DIST(A9,Оценки!$B$5,Оценки!$B$8,FALSE) -> 0.014821823
A10: ='Интервальный ряд'!E13 -> 50.630714 | B10: ='Интервальный ряд'!H13 -> 0.0086983535 | C10: =_xlfn.NORM.DIST(A10,Оценки!$B$5,Оценки!$B$8,FALSE) -> 0.003528413

Sheet ЛР7
A1: Пирсон, Колмогоров, интервальные оценки
A3: μ | B3: =Оценки!B5 -> 33.788694 | D3: α | E3: 0.01
A4: σ | B4: =Оценки!B8 -> 7.1711688 | D4: β | E4: 0.99
A5: n | B5: =Оценки!B4 -> 111 | D5: λ_q | E5: 1.627
A8: Критерий Пирсона (χ²)
A9: i | B9: интервал | C9: n_i | D9: p_i | E9: n p_i | F9: слагаемое χ²
A10: 1 | B10: ='Интервальный ряд'!D17 -> (16,970; 27,327) | C10: ='Интервальный ряд'!F17 -> 20 | D10: =_xlfn.NORM.DIST('Интервальный ряд'!C17,$B$3,$B$4,TRUE)-_xlfn.NORM.DIST('Интервальный ряд'!B17,$B$3,$B$4,TRUE) -> 0.17427666 | E10: =$B$5*D10 -> 19.344709 | F10: =(C10-E10)^2/E10 -> 0.022197582
A11: 2 | B11: ='Интервальный ряд'!D18 -> (27,327; 32,506) | C11: ='Интервальный ряд'!F18 -> 29 | D11: =_xlfn.NORM.DIST('Интервальный ряд'!C18,$B$3,$B$4,TRUE)-_xlfn.NORM.DIST('Интервальный ряд'!B18,$B$3,$B$4,TRUE) -> 0.24522296 | E11: =$B$5*D11 -> 27.219749 | F11: =(C11-E11)^2/E11 -> 0.11643362
A12: 3 | B12: ='Интервальный ряд'!D19 -> (32,506; 37,684) | C12: ='Интервальный ряд'!F19 -> 34 | D12: =_xlfn.NORM.DIST('Интервальный ряд'!C19,$B$3,$B$4,TRUE)-_xlfn.NORM.DIST('Интервальный ряд'!B19,$B$3,$B$4,TRUE) -> 0.2775092 | E12: =$B$5*D12 -> 30.803522 | F12: =(C12-E12)^2/E12 -> 0.33169827
A13: 4 | B13: ='Интервальный ряд'!D20 -> (37,684; 42,863) | C13: ='Интервальный ряд'!F20 -> 16 | D13: =_xlfn.NORM.DIST('Интервальный ряд'!C20,$B$3,$B$4,TRUE)-_xlfn.NORM.DIST('Интервальный ряд'!B20,$B$3,$B$4,TRUE) -> 0.190616 | E13: =$B$5*D13 -> 21.158376 | F13: =(C13-E13)^2/E13 -> 1.2576033
A14: 5 | B14: ='Интервальный ряд'!D21 -> (42,863; 48,041) | C14: ='Интервальный ряд'!F21 -> 7 | D14: =_xlfn.NORM.DIST('Интервальный ряд'!C21,$B$3,$B$4,TRUE)-_xlfn.NORM.DIST('Интервальный ряд'!B21,$B$3,$B$4,TRUE) -> 0.079436599 | E14: =$B$5*D14 -> 8.8174625 | F14: =(C14-E14)^2/E14 -> 0.37461684
A15: 6 | B15: ='Интервальный ряд'!D22 -> (48,041; 53,220) | C15: ='Интервальный ряд'!F22 -> 5 | D15: =_xlfn.NORM.DIST('Интервальный ряд'!C22,$B$3,$B$4,TRUE)-_xlfn.NORM.DIST('Интервальный ряд'!B22,$B$3,$B$4,TRUE) -> 0.020065439 | E15: =$B$5*D15 -> 2.2272637 | F15: =(C15-E15)^2/E15 -> 3.451799
E16: χ²_набл | F16: =SUM(F10:F15) -> 5.5543486
E17: m=l-1-2 | F17: 3
E18: χ²_кр | F18: =_xlfn.CHISQ.INV.RT($E$3,F17) -> 11.344867
E19: решение | F19: =IF(F16<=F18,"H0 принимается","H0 отвергается") -> H0 принимается
A22: Критерий Колмогорова
A23: a_i | B23: F_n*(a_i) | C23: F_0(a_i) | D23: |Δ|
A24: ='Интервальный ряд'!B7 -> 16.97 | B24: 0 | C24: =_xlfn.NORM.DIST(A24,$B$3,$B$4,TRUE) -> 0.0095053491 | D24: =ABS(B24-C24) -> 0.0095053491
A25: ='Интервальный ряд'!C7 -> 22.148571 | B25: ='ЭФР и кумулята'!D4 -> 0.036036036 | C25: =_xlfn.NORM.DIST(A25,$B$3,$B$4,TRUE) -> 0.052275101 | D25: =ABS(B25-C25) -> 0.016239065
A26: ='Интервальный ряд'!C8 -> 27.327143 | B26: ='ЭФР и кумулята'!D5 -> 0.18018018 | C26: =_xlfn.NORM.DIST(A26,$B$3,$B$4,TRUE) -> 0.18378201 | D26: =ABS(B26-C26) -> 0.0036018301
A27: ='Интервальный ряд'!C9 -> 32.505714 | B27: ='ЭФР и кумулята'!D6 -> 0.44144144 | C27: =_xlfn.NORM.DIST(A27,$B$3,$B$4,TRUE) -> 0.42900497 | D27: =ABS(B27-C27) -> 0.012436468
A28: ='Интервальный ряд'!C10 -> 37.684286 | B28: ='ЭФР и кумулята'!D7 -> 0.74774775 | C28: =_xlfn.NORM.DIST(A28,$B$3,$B$4,TRUE) -> 0.70651418 | D28: =ABS(B28-C28) -> 0.041233571
A29: ='Интервальный ряд'!C11 -> 42.862857 | B29: ='ЭФР и кумулята'!D8 -> 0.89189189 | C29: =_xlfn.NORM.DIST(A29,$B$3,$B$4,TRUE) -> 0.89713018 | D29: =ABS(B29-C29) -> 0.0052382857
A30: ='Интервальный ряд'!C12 -> 48.041429 | B30: ='ЭФР и кумулята'!D9 -> 0.95495495 | C30: =_xlfn.NORM.DIST(A30,$B$3,$B$4,TRUE) -> 0.97656678 | D30: =ABS(B30-C30) -> 0.021611822
A31: ='Интервальный ряд'!C13 -> 53.22 | B31: ='ЭФР и кумулята'!D10 -> 1 | C31: =_xlfn.NORM.DIST(A31,$B$3,$B$4,TRUE) -> 0.99663222 | D31: =ABS(B31-C31) -> 0.0033677846
C32: max|Δ| | D32: =MAX(D24:D31) -> 0.041233571
C33: ζ_n | D33: =SQRT($B$5)*D32 -> 0.43442263
C34: сравнение | D34: =IF(D33<$E$5,"H0 принимается","H0 отвергается") -> H0 принимается
A37: Интервальное оценивание (β)
A38: t_β | B38: =_xlfn.T.INV($E$4,$B$5-1) -> 2.3607263
A39: ε | B39: =B38*_xlfn.STDEV.P(X)/SQRT($B$5-1) -> 1.6018174
A40: ДИ для μ | B40: =IF(AND(ISNUMBER($B$3),ISNUMBER(B39)), "(" & TEXT($B$3-B39,"0,000") & "; " & TEXT($B$3+B39,"0,000") & ")", "") -> (32,187; 35,391)
A42: α1=(1+β)/2; α2=(1-β)/2 | B42: =(1+$E$4)/2 -> 0.995 | C42: =(1-$E$4)/2 -> 0.005
A43: γ1 | B43: =_xlfn.CHISQ.INV(1-B42,$B$5-1) -> 75.550045
A44: γ2 | B44: =_xlfn.CHISQ.INV(1-C42,$B$5-1) -> 151.94848
A45: ДИ для σ | B45: =IFERROR("(" & TEXT($B$4*SQRT(($B$5-1)/B44),"0,000") & "; " & TEXT($B$4*SQRT(($B$5-1)/B43),"0,000") & ")", "—") -> (6,102; 8,653)
